Distance_(pixels),Gray_Value
0,0.020703
1,0.069629
2,0.119824
3,0.104590
4,0.105664
5,0.112109
6,0.090039
7,0.101758
8,0.069336
9,0.024707
10,0.011328
