Distance_(pixels),Gray_Value
0,0.009668
1,0.011426
2,0.074219
3,0.239844
4,0.145410
5,0.285645
6,0.149512
7,0.249219
8,0.031348
9,0.012598
