Distance_(pixels),Gray_Value
0,0.011230
1,0.027539
2,0.258105
3,0.130859
4,0.218848
5,0.133984
6,0.172754
7,0.020215
8,0.012598
