Distance_(pixels),Gray_Value
0,0.017969
1,0.063867
2,0.185742
3,0.195898
4,0.167383
5,0.272754
6,0.241211
7,0.196680
8,0.316895
9,0.177246
10,0.045996
