Distance_(pixels),Gray_Value
0,0.075488
1,0.066602
2,0.233301
3,0.323535
4,0.248242
5,0.304492
6,0.200586
7,0.193848
8,0.140332
9,0.041504
10,0.023438
